TOWN_ID,STATE,COUNTY10,COUSUB10,COUSUB18,COUSUB20,TOWN10,COUNTY00,COUSUB00,GEOID,TOWN00,COUNTY90,MCDCCD90,COUSUB90,TOWN90,EMASS,MBTA13,MBTA52,MBTA59,MBTA65,MBTA_OTHER,MBTA175,MBTA176,RPA,MPO,RTA,MBTA,RIDE2014,Note
1,25,23,170,170,170,Abington,23,170,2502300170,Abington,23,5,170,Abington,1,0,0,0,0,1,1,1,OCPC,Old Colony,BAT,1,0,
2,25,17,380,380,380,Acton,17,380,2501700380,Acton,17,5,380,Acton,1,0,0,0,0,1,1,1,MAPC,Boston,LRTA,1,0,
3,25,5,520,520,520,Acushnet,5,520,2500500520,Acushnet,5,5,520,Acushnet,0,0,0,0,0,0,0,0,SRPEDD,SRPEDD,SRTA,0,0,
4,25,3,555,555,555,Adams,3,555,2500300555,Adams,3,5,555,Adams,0,0,0,0,0,0,0,0,BCRPC,Berkshire,BRTA,0,0,
5,25,13,840,840,840,Agawam,13,765,2501300840,Agawam,13,5,800,Agawam,0,0,0,0,0,0,0,0,PVPC,Pioneer Valley,PVTA,0,0,
6,25,3,975,975,975,Alford,3,975,2500300975,Alford,3,10,975,Alford,0,0,0,0,0,0,0,0,BCRPC,Berkshire,BRTA,0,0,
7,25,9,1260,1260,1260,Amesbury,9,1185,2500901260,Amesbury,9,5,1185,Amesbury,1,0,0,0,0,1,1,1,MVPC,Merrimack Valley,MVRTA,1,0,
8,25,15,1325,1325,1370,Amherst,15,1325,2501501370,Amherst,15,5,1325,Amherst,0,0,0,0,0,0,0,0,PVPC,Pioneer Valley,PVTA,0,0,
9,25,9,1465,1465,1465,Andover,9,1465,2500901465,Andover,9,10,1465,Andover,1,0,0,0,0,1,1,1,MVPC,Merrimack Valley,MVRTA,1,0,
10,25,17,1605,1605,1605,Arlington,17,1605,2501701605,Arlington,17,10,1605,Arlington,1,1,0,1,1,0,1,1,MAPC,Boston,MBTA,1,1,
11,25,27,1885,1885,1885,Ashburnham,27,1885,2502701885,Ashburnham,27,5,1885,Ashburnham,0,0,0,0,0,1,1,1,MRPC,Montachusett,MART,1,0,
12,25,17,1955,1955,1955,Ashby,17,1955,2501701955,Ashby,17,15,1955,Ashby,0,0,0,0,0,1,1,1,MRPC,Montachusett,MART,1,0,
13,25,11,2095,2095,2095,Ashfield,11,2095,2501102095,Ashfield,11,5,2095,Ashfield,0,0,0,0,0,0,0,0,FCPD,Franklin County,FRTA,0,0,
14,25,17,2130,2130,2130,Ashland,17,2130,2501702130,Ashland,17,20,2130,Ashland,1,0,0,0,0,1,1,1,MAPC,Boston,MWRTA,1,0,
15,25,27,2480,2480,2480,Athol,27,2480,2502702480,Athol,27,10,2480,Athol,0,0,0,0,0,0,0,0,MRPC,Montachusett,FRTA,0,0,
16,25,5,2690,2690,2690,Attleboro,5,2690,2500502690,Attleboro,5,10,2690,Attleboro,1,0,0,0,0,1,1,1,SRPEDD,SRPEDD,GATRA,1,0,
17,25,27,2760,2760,2760,Auburn,27,2760,2502702760,Auburn,27,15,2760,Auburn,0,0,0,0,0,1,1,1,CMRPC,Central Mass.,WRTA,1,0,
18,25,21,2935,2935,2935,Avon,21,2935,2502102935,Avon,21,5,2935,Avon,1,0,0,0,0,0,0,0,OCPC,Old Colony,BAT,0,0,
19,25,17,3005,3005,3005,Ayer,17,3005,2501703005,Ayer,17,25,3005,Ayer,1,0,0,0,0,1,1,1,MRPC,Montachusett,MART,1,0,
20,25,1,3690,3690,3690,Barnstable,1,3600,2500103690,Barnstable,1,5,3635,Barnstable,0,0,0,0,0,0,0,0,CCC,Cape Cod,CCRTA,0,0,
21,25,27,3740,3740,3740,Barre,27,3740,2502703740,Barre,27,20,3740,Barre,0,0,0,0,0,0,0,0,CMRPC,Central Mass.,WRTA,0,0,
22,25,3,4545,4545,4545,Becket,3,4545,2500304545,Becket,3,15,4545,Becket,0,0,0,0,0,0,0,0,BCRPC,Berkshire,BRTA,0,0,
23,25,17,4615,4615,4615,Bedford,17,4615,2501704615,Bedford,17,30,4615,Bedford,1,0,1,1,1,0,1,1,MAPC,Boston,MBTA,1,1,
24,25,15,4825,4825,4825,Belchertown,15,4825,2501504825,Belchertown,15,10,4825,Belchertown,0,0,0,0,0,0,0,0,PVPC,Pioneer Valley,PVTA,0,0,
25,25,21,4930,4930,4930,Bellingham,21,4930,2502104930,Bellingham,21,10,4930,Bellingham,1,0,0,0,0,1,1,1,MAPC,Boston,GATRA,1,0,
26,25,17,5070,5070,5070,Belmont,17,5070,2501705070,Belmont,17,35,5070,Belmont,1,1,0,1,1,0,1,1,MAPC,Boston,MBTA,1,1,
27,25,5,5280,5280,5280,Berkley,5,5280,2500505280,Berkley,5,15,5280,Berkley,0,0,0,0,0,1,1,1,SRPEDD,SRPEDD,GATRA,1,0,
28,25,27,5490,5490,5490,Berlin,27,5490,2502705490,Berlin,27,25,5490,Berlin,1,0,0,0,0,0,0,0,CMRPC,Central Mass.,WRTA,0,0,
29,25,11,5560,5560,5560,Bernardston,11,5560,2501105560,Bernardston,11,10,5560,Bernardston,0,0,0,0,0,0,0,0,FCPD,Franklin County,FRTA,0,0,
30,25,9,5595,5595,5595,Beverly,9,5595,2500905595,Beverly,9,15,5595,Beverly,1,0,1,1,1,0,1,1,MAPC,Boston,MBTA,1,1,
31,25,17,5805,5805,5805,Billerica,17,5805,2501705805,Billerica,17,40,5805,Billerica,1,0,0,0,0,1,1,1,NMCOG,Northern Middlesex,LRTA,1,0,
32,25,27,6015,6015,6015,Blackstone,27,6015,2502706015,Blackstone,27,30,6015,Blackstone,1,0,0,0,0,0,0,0,CMRPC,Central Mass.,,0,0,
33,25,13,6085,6085,6085,Blandford,13,6085,2501306085,Blandford,13,10,6085,Blandford,0,0,0,0,0,0,0,0,PVPC,Pioneer Valley,FRTA,0,0,
34,25,27,6365,6365,6365,Bolton,27,6365,2502706365,Bolton,27,35,6365,Bolton,1,0,0,0,0,0,0,0,MAPC,Boston,MART,0,0,
35,25,25,7000,7000,7000,Boston,25,7000,2502507000,Boston,25,5,7000,Boston,1,1,0,1,1,0,1,1,MAPC,Boston,MBTA,1,1,
36,25,1,7175,7175,7175,Bourne,1,7175,2500107175,Bourne,1,10,7175,Bourne,0,0,0,0,0,0,0,1,CCC,Cape Cod,CCRTA,0,0,Bourne joined MBTA in 2015/16
37,25,17,7350,7350,7350,Boxborough,17,7350,2501707350,Boxborough,17,45,7350,Boxborough,1,0,0,0,0,1,1,1,MAPC,Boston,MART,1,0,
38,25,9,7420,7420,7420,Boxford,9,7420,2500907420,Boxford,9,20,7420,Boxford,1,0,0,0,0,1,1,1,MVPC,Merrimack Valley,MVRTA,1,0,
39,25,27,7525,7525,7525,Boylston,27,7525,2502707525,Boylston,27,40,7525,Boylston,0,0,0,0,0,0,0,0,CMRPC,Central Mass.,WRTA,0,0,
40,25,21,7740,7740,7740,Braintree,21,7665,2502107740,Braintree,21,15,7665,Braintree,1,0,1,1,1,0,1,1,MAPC,Boston,MBTA,1,1,
41,25,1,7980,7980,7980,Brewster,1,7980,2500107980,Brewster,1,15,7980,Brewster,0,0,0,0,0,0,0,0,CCC,Cape Cod,CCRTA,0,0,
42,25,23,8085,8085,8130,Bridgewater,23,8085,2502308130,Bridgewater,23,10,8085,Bridgewater,1,0,0,0,0,1,1,1,OCPC,Old Colony,BAT,1,0,
43,25,13,8470,8470,8470,Brimfield,13,8470,2501308470,Brimfield,13,15,8470,Brimfield,0,0,0,0,0,0,0,0,PVPC,Pioneer Valley,WRTA,0,0,
44,25,23,9000,9000,9000,Brockton,23,9000,2502309000,Brockton,23,15,9000,Brockton,1,0,0,0,0,1,1,1,OCPC,Old Colony,BAT,1,0,
45,25,27,9105,9105,9105,Brookfield,27,9105,2502709105,Brookfield,27,45,9105,Brookfield,0,0,0,0,0,0,0,0,CMRPC,Central Mass.,WRTA,0,0,
46,25,21,9175,9175,9175,Brookline,21,9175,2502109175,Brookline,21,20,9175,Brookline,1,1,0,1,1,0,1,1,MAPC,Boston,MBTA,1,1,
47,25,11,9595,9595,9595,Buckland,11,9595,2501109595,Buckland,11,15,9595,Buckland,0,0,0,0,0,0,0,0,FCPD,Franklin County,FRTA,0,0,
48,25,17,9840,9840,9840,Burlington,17,9840,2501709840,Burlington,17,50,9840,Burlington,1,0,1,1,1,0,1,1,MAPC,Boston,MBTA,1,1,
49,25,17,11000,11000,11000,Cambridge,17,11000,2501711000,Cambridge,17,55,11000,Cambridge,1,1,0,1,1,0,1,1,MAPC,Boston,MBTA,1,1,
50,25,21,11315,11315,11315,Canton,21,11315,2502111315,Canton,21,25,11315,Canton,1,0,1,1,1,0,1,1,MAPC,Boston,MBTA,1,1,
51,25,17,11525,11525,11525,Carlisle,17,11525,2501711525,Carlisle,17,60,11525,Carlisle,1,0,0,0,0,1,1,1,MAPC,Boston,MBTA,1,0,
52,25,23,11665,11665,11665,Carver,23,11665,2502311665,Carver,23,20,11665,Carver,1,0,0,0,0,1,1,1,SRPEDD,SRPEDD,GATRA,1,0,
53,25,11,12505,12505,12505,Charlemont,11,12505,2501112505,Charlemont,11,20,12505,Charlemont,0,0,0,0,0,0,0,0,FCPD,Franklin County,FRTA,0,0,
54,25,27,12715,12715,12715,Charlton,27,12715,2502712715,Charlton,27,50,12715,Charlton,0,0,0,0,0,0,0,0,CMRPC,Central Mass.,WRTA,0,0,
55,25,1,12995,12995,12995,Chatham,1,12995,2500112995,Chatham,1,20,12995,Chatham,0,0,0,0,0,0,0,0,CCC,Cape Cod,CCRTA,0,0,
56,25,17,13135,13135,13135,Chelmsford,17,13135,2501713135,Chelmsford,17,65,13135,Chelmsford,1,0,0,0,0,1,1,1,NMCOG,Northern Middlesex,LRTA,1,0,
57,25,25,13205,13205,13205,Chelsea,25,13205,2502513205,Chelsea,25,10,13205,Chelsea,1,1,0,1,1,0,1,1,MAPC,Boston,MBTA,1,1,
58,25,3,13345,13345,13345,Cheshire,3,13345,2500313345,Cheshire,3,20,13345,Cheshire,0,0,0,0,0,0,0,0,BCRPC,Berkshire,BRTA,0,0,
59,25,13,13485,13485,13485,Chester,13,13485,2501313485,Chester,13,20,13485,Chester,0,0,0,0,0,0,0,0,PVPC,Pioneer Valley,FRTA,0,0,
60,25,15,13590,13590,13590,Chesterfield,15,13590,2501513590,Chesterfield,15,15,13590,Chesterfield,0,0,0,0,0,0,0,0,PVPC,Pioneer Valley,FRTA,0,0,
61,25,13,13660,13660,13660,Chicopee,13,13660,2501313660,Chicopee,13,25,13660,Chicopee,0,0,0,0,0,0,0,0,PVPC,Pioneer Valley,PVTA,0,0,
62,25,7,13800,13800,13800,Chilmark,7,13800,2500713800,Chilmark,7,5,13800,Chilmark,0,0,0,0,0,0,0,0,MVC,Martha's Vineyard,VTA,0,0,
63,25,3,14010,14010,14010,Clarksburg,3,14010,2500314010,Clarksburg,3,25,14010,Clarksburg,0,0,0,0,0,0,0,0,BCRPC,Berkshire,BRTA,0,0,
64,25,27,14395,14395,14395,Clinton,27,14395,2502714395,Clinton,27,55,14395,Clinton,1,0,0,0,0,0,0,0,MRPC,Montachusett,WRTA,0,0,
65,25,21,14640,14640,14640,Cohasset,21,14640,2502114640,Cohasset,21,30,14640,Cohasset,1,0,1,1,1,0,1,1,MAPC,Boston,MBTA,1,1,
66,25,11,14885,14885,14885,Colrain,11,14885,2501114885,Colrain,11,25,14885,Colrain,0,0,0,0,0,0,0,0,FCPD,Franklin County,FRTA,0,0,
67,25,17,15060,15060,15060,Concord,17,15060,2501715060,Concord,17,70,15060,Concord,1,0,1,1,1,0,1,1,MAPC,Boston,MBTA,1,1,
68,25,11,15200,15200,15200,Conway,11,15200,2501115200,Conway,11,30,15200,Conway,0,0,0,0,0,0,0,0,FCPD,Franklin County,FRTA,0,0,
69,25,15,16040,16040,16040,Cummington,15,16040,2501516040,Cummington,15,20,16040,Cummington,0,0,0,0,0,0,0,0,PVPC,Pioneer Valley,FRTA,0,0,
70,25,3,16180,16180,16180,Dalton,3,16180,2500316180,Dalton,3,30,16180,Dalton,0,0,0,0,0,0,0,0,BCRPC,Berkshire,BRTA,0,0,
71,25,9,16250,16250,16250,Danvers,9,16250,2500916250,Danvers,9,25,16250,Danvers,1,0,1,1,1,0,1,1,MAPC,Boston,MBTA,1,1,
72,25,5,16425,16425,16425,Dartmouth,5,16425,2500516425,Dartmouth,5,20,16425,Dartmouth,0,0,0,0,0,0,0,0,SRPEDD,SRPEDD,SRTA,0,0,
73,25,21,16495,16495,16495,Dedham,21,16495,2502116495,Dedham,21,35,16495,Dedham,1,0,1,1,1,0,1,1,MAPC,Boston,MBTA,1,1,
74,25,11,16670,16670,16670,Deerfield,11,16670,2501116670,Deerfield,11,35,16670,Deerfield,0,0,0,0,0,0,0,0,FCPD,Franklin County,FRTA,0,0,
75,25,1,16775,16775,16775,Dennis,1,16775,2500116775,Dennis,1,25,16775,Dennis,0,0,0,0,0,0,0,0,CCC,Cape Cod,CCRTA,0,0,
76,25,5,16950,16950,16950,Dighton,5,16950,2500516950,Dighton,5,25,16950,Dighton,0,0,0,0,0,0,0,0,SRPEDD,SRPEDD,GATRA,0,0,
77,25,27,17300,17300,17300,Douglas,27,17300,2502717300,Douglas,27,60,17300,Douglas,0,0,0,0,0,0,0,0,CMRPC,Central Mass.,WRTA,0,0,
78,25,21,17405,17405,17405,Dover,21,17405,2502117405,Dover,21,40,17405,Dover,1,0,1,0,1,0,1,1,MAPC,Boston,MBTA,1,1,
79,25,17,17475,17475,17475,Dracut,17,17475,2501717475,Dracut,17,75,17475,Dracut,1,0,0,0,0,1,1,1,NMCOG,Northern Middlesex,LRTA,1,0,
80,25,27,17685,17685,17685,Dudley,27,17685,2502717685,Dudley,27,65,17685,Dudley,0,0,0,0,0,0,0,0,CMRPC,Central Mass.,WRTA,0,0,
81,25,17,17825,17825,17825,Dunstable,17,17825,2501717825,Dunstable,17,80,17825,Dunstable,1,0,0,0,0,0,0,0,NMCOG,Northern Middlesex,LRTA,0,0,
82,25,23,17895,17895,17895,Duxbury,23,17895,2502317895,Duxbury,23,25,17895,Duxbury,1,0,0,0,0,1,1,1,MAPC/OCPC,Old Colony,GATRA,1,0,
83,25,23,18455,18455,18455,East Bridgewater,23,18455,2502318455,East Bridgewater,23,30,18455,East Bridgewater,1,0,0,0,0,1,1,1,OCPC,Old Colony,BAT,1,0,
84,25,27,18560,18560,18560,East Brookfield,27,18560,2502718560,East Brookfield,27,70,18560,East Brookfield,0,0,0,0,0,0,0,0,CMRPC,Central Mass.,WRTA,0,0,
85,25,13,19645,19645,19645,East Longmeadow,13,19645,2501319645,East Longmeadow,13,30,19645,East Longmeadow,0,0,0,0,0,0,0,0,PVPC,Pioneer Valley,PVTA,0,0,
86,25,1,19295,19295,19295,Eastham,1,19295,2500119295,Eastham,1,30,19295,Eastham,0,0,0,0,0,0,0,0,CCC,Cape Cod,CCRTA,0,0,
87,25,15,19370,19370,19370,Easthampton,15,19330,2501519370,Easthampton,15,25,19330,Easthampton,0,0,0,0,0,0,0,0,PVPC,Pioneer Valley,PVTA,0,0,
88,25,5,20100,20100,20100,Easton,5,20100,2500520100,Easton,5,30,20100,Easton,1,0,0,0,0,1,1,1,OCPC,Old Colony,BAT,1,0,
89,25,7,21150,21150,21150,Edgartown,7,21150,2500721150,Edgartown,7,10,21150,Edgartown,0,0,0,0,0,0,0,0,MVC,Martha's Vineyard,VTA,0,0,
90,25,3,21360,21360,21360,Egremont,3,21360,2500321360,Egremont,3,35,21360,Egremont,0,0,0,0,0,0,0,0,BCRPC,Berkshire,BRTA,0,0,
91,25,11,21780,21780,21780,Erving,11,21780,2501121780,Erving,11,40,21780,Erving,0,0,0,0,0,0,0,0,FCPD,Franklin County,FRTA,0,0,
92,25,9,21850,21850,21850,Essex,9,21850,2500921850,Essex,9,30,21850,Essex,1,0,0,0,0,1,1,1,MAPC,Boston,CATA,1,0,
93,25,17,21990,21990,21990,Everett,17,21990,2501721990,Everett,17,85,21990,Everett,1,1,0,1,1,0,1,1,MAPC,Boston,MBTA,1,1,
94,25,5,22130,22130,22130,Fairhaven,5,22130,2500522130,Fairhaven,5,35,22130,Fairhaven,0,0,0,0,0,0,0,0,SRPEDD,SRPEDD,SRTA,0,0,
95,25,5,23000,23000,23000,Fall River,5,23000,2500523000,Fall River,5,40,23000,Fall River,0,0,0,0,0,0,0,0,SRPEDD,SRPEDD,SRTA,0,0,
96,25,1,23105,23105,23105,Falmouth,1,23105,2500123105,Falmouth,1,35,23105,Falmouth,0,0,0,0,0,0,0,0,CCC,Cape Cod,CCRTA,0,0,
97,25,27,23875,23875,23875,Fitchburg,27,23875,2502723875,Fitchburg,27,75,23875,Fitchburg,0,0,0,0,0,1,1,1,MRPC,Montachusett,MART,1,0,
98,25,3,24120,24120,24120,Florida,3,24120,2500324120,Florida,3,40,24120,Florida,0,0,0,0,0,0,0,0,BCRPC,Berkshire,BRTA,0,0,
99,25,21,24820,24820,24820,Foxborough,21,24820,2502124820,Foxborough,21,45,24820,Foxborough,1,0,0,0,0,1,1,1,MAPC,Boston,GATRA,1,0,
100,25,17,24925,24960,24960,Framingham,17,24925,2501724960,Framingham,17,90,24925,Framingham,1,0,1,0,1,0,1,1,MAPC,Boston,MWRTA,1,0,
101,25,21,25172,25172,25172,Franklin,21,25100,2502125172,Franklin,21,50,25065,Franklin,1,0,0,0,0,1,1,1,MAPC,Boston,GATRA,1,0,
102,25,5,25240,25240,25240,Freetown,5,25240,2500525240,Freetown,5,45,25240,Freetown,0,0,0,0,0,1,1,1,SRPEDD,SRPEDD,SRTA,1,0,
103,25,27,25485,25485,25485,Gardner,27,25485,2502725485,Gardner,27,80,25485,Gardner,0,0,0,0,0,0,0,0,MRPC,Montachusett,MART,0,0,
104,25,7,1585,1585,1585,Aquinnah,7,1585,2500701585,Aquinnah,7,15,25555,Gay Head,0,0,0,0,0,0,0,0,MVC,Martha's Vineyard,VTA,0,0,
105,25,9,25625,25625,25625,Georgetown,9,25625,2500925625,Georgetown,9,35,25625,Georgetown,1,0,0,0,0,1,1,1,MVPC,Merrimack Valley,MVRTA,1,0,
106,25,11,25730,25730,25730,Gill,11,25730,2501125730,Gill,11,45,25730,Gill,0,0,0,0,0,0,0,0,FCPD,Franklin County,FRTA,0,0,
107,25,9,26150,26150,26150,Gloucester,9,26150,2500926150,Gloucester,9,40,26150,Gloucester,1,0,0,0,0,1,1,1,MAPC,Boston,CATA,1,0,
108,25,15,26290,26290,26290,Goshen,15,26290,2501526290,Goshen,15,30,26290,Goshen,0,0,0,0,0,0,0,0,PVPC,Pioneer Valley,FRTA,0,0,
109,25,7,26325,26325,26325,Gosnold,7,26325,2500726325,Gosnold,7,20,26325,Gosnold,0,0,0,0,0,0,0,0,MVC,Martha's Vineyard,VTA,0,0,
110,25,27,26430,26430,26430,Grafton,27,26430,2502726430,Grafton,27,85,26430,Grafton,0,0,0,0,0,1,1,1,CMRPC,Central Mass.,WRTA,1,0,
111,25,15,26535,26535,26535,Granby,15,26535,2501526535,Granby,15,35,26535,Granby,0,0,0,0,0,0,0,0,PVPC,Pioneer Valley,PVTA,0,0,
112,25,13,26675,26675,26675,Granville,13,26675,2501326675,Granville,13,35,26675,Granville,0,0,0,0,0,0,0,0,PVPC,Pioneer Valley,,0,0,
113,25,3,26815,26815,26815,Great Barrington,3,26815,2500326815,Great Barrington,3,45,26815,Great Barrington,0,0,0,0,0,0,0,0,BCRPC,Berkshire,BRTA,0,0,
114,25,11,27100,27100,27060,Greenfield,11,27025,2501127060,Greenfield,11,50,27025,Greenfield,0,0,0,0,0,0,0,0,FCPD,Franklin County,FRTA,0,0,
115,25,17,27480,27480,27480,Groton,17,27480,2501727480,Groton,17,95,27480,Groton,1,0,0,0,0,1,1,1,MRPC,Montachusett,LRTA,1,0,
116,25,9,27620,27620,27620,Groveland,9,27620,2500927620,Groveland,9,45,27620,Groveland,1,0,0,0,0,1,1,1,MVPC,Merrimack Valley,MVRTA,1,0,
117,25,15,27690,27690,27690,Hadley,15,27690,2501527690,Hadley,15,40,27690,Hadley,0,0,0,0,0,0,0,0,PVPC,Pioneer Valley,PVTA,0,0,
118,25,23,27795,27795,27795,Halifax,23,27795,2502327795,Halifax,23,35,27795,Halifax,1,0,0,0,0,1,1,1,OCPC,Old Colony,MBTA,1,0,
119,25,9,27900,27900,27900,Hamilton,9,27900,2500927900,Hamilton,9,50,27900,Hamilton,1,0,1,1,1,0,1,1,MAPC,Boston,MBTA,1,0,
120,25,13,28075,28075,28075,Hampden,13,28075,2501328075,Hampden,13,40,28075,Hampden,0,0,0,0,0,0,0,0,PVPC,Pioneer Valley,PVTA,0,0,
121,25,3,28180,28180,28180,Hancock,3,28180,2500328180,Hancock,3,50,28180,Hancock,0,0,0,0,0,0,0,0,BCRPC,Berkshire,,0,0,
122,25,23,28285,28285,28285,Hanover,23,28285,2502328285,Hanover,23,40,28285,Hanover,1,0,0,0,0,1,1,1,MAPC/OCPC,Old Colony,MBTA,1,0,
123,25,23,28495,28495,28495,Hanson,23,28495,2502328495,Hanson,23,45,28495,Hanson,1,0,0,0,0,1,1,1,OCPC,Old Colony,MBTA,1,0,
124,25,27,28740,28740,28740,Hardwick,27,28740,2502728740,Hardwick,27,90,28740,Hardwick,0,0,0,0,0,0,0,0,CMRPC,Central Mass.,MART,0,0,
125,25,27,28950,28950,28950,Harvard,27,28950,2502728950,Harvard,27,95,28950,Harvard,1,0,0,0,0,1,1,1,MRPC,Montachusett,MART,1,0,
126,25,1,29020,29020,29020,Harwich,1,29020,2500129020,Harwich,1,40,29020,Harwich,0,0,0,0,0,0,0,0,CCC,Cape Cod,CCRTA,0,0,
127,25,15,29265,29265,29265,Hatfield,15,29265,2501529265,Hatfield,15,45,29265,Hatfield,0,0,0,0,0,0,0,0,PVPC,Pioneer Valley,,0,0,
128,25,9,29405,29405,29405,Haverhill,9,29405,2500929405,Haverhill,9,55,29405,Haverhill,1,0,0,0,0,1,1,1,MVPC,Merrimack Valley,MVRTA,1,0,
129,25,11,29475,29475,29475,Hawley,11,29475,2501129475,Hawley,11,55,29475,Hawley,0,0,0,0,0,0,0,0,FCPD,Franklin County,FRTA,0,0,
130,25,11,29650,29650,29650,Heath,11,29650,2501129650,Heath,11,60,29650,Heath,0,0,0,0,0,0,0,0,FCPD,Franklin County,FRTA,0,0,
131,25,23,30210,30210,30210,Hingham,23,30210,2502330210,Hingham,23,50,30210,Hingham,1,0,1,1,1,0,1,1,MAPC,Boston,MBTA,1,1,
132,25,3,30315,30315,30315,Hinsdale,3,30315,2500330315,Hinsdale,3,55,30315,Hinsdale,0,0,0,0,0,0,0,0,BCRPC,Berkshire,BRTA,0,0,
133,25,21,30455,30455,30455,Holbrook,21,30455,2502130455,Holbrook,21,55,30455,Holbrook,1,0,1,1,1,0,1,1,MAPC,Boston,MBTA,1,1,
134,25,27,30560,30560,30560,Holden,27,30560,2502730560,Holden,27,100,30560,Holden,0,0,0,0,0,1,1,1,CMRPC,Central Mass.,WRTA,1,0,
135,25,13,30665,30665,30665,Holland,13,30665,2501330665,Holland,13,45,30665,Holland,0,0,0,0,0,0,0,0,PVPC,Pioneer Valley,WRTA,0,0,
136,25,17,30700,30700,30700,Holliston,17,30700,2501730700,Holliston,17,100,30700,Holliston,1,0,0,0,0,1,1,1,MAPC,Boston,MWRTA,1,0,
137,25,13,30840,30840,30840,Holyoke,13,30840,2501330840,Holyoke,13,50,30840,Holyoke,0,0,0,0,0,0,0,0,PVPC,Pioneer Valley,PVTA,0,0,
138,25,27,30945,30945,30945,Hopedale,27,30945,2502730945,Hopedale,27,105,30945,Hopedale,1,0,0,0,0,0,0,0,CMRPC,Central Mass.,,0,0,
139,25,17,31085,31085,31085,Hopkinton,17,31085,2501731085,Hopkinton,17,105,31085,Hopkinton,1,0,0,0,0,1,1,1,MAPC,Boston,MWRTA,1,0,
140,25,27,31435,31435,31435,Hubbardston,27,31435,2502731435,Hubbardston,27,110,31435,Hubbardston,0,0,0,0,0,0,0,0,MRPC,Montachusett,MART,0,0,
141,25,17,31540,31540,31540,Hudson,17,31540,2501731540,Hudson,17,110,31540,Hudson,1,0,0,0,0,0,0,0,MAPC,Boston,,0,0,
142,25,23,31645,31645,31645,Hull,23,31645,2502331645,Hull,23,55,31645,Hull,1,0,1,1,1,0,1,1,MAPC,Boston,MBTA,1,1,
143,25,15,31785,31785,31785,Huntington,15,31785,2501531785,Huntington,15,50,31785,Huntington,0,0,0,0,0,0,0,0,PVPC,Pioneer Valley,FRTA,0,0,
144,25,9,32310,32310,32310,Ipswich,9,32310,2500932310,Ipswich,9,60,32310,Ipswich,1,0,0,0,0,1,1,1,MAPC,Boston,CATA,1,0,
145,25,23,33220,33220,33220,Kingston,23,33220,2502333220,Kingston,23,60,33220,Kingston,1,0,0,0,0,1,1,1,OCPC,Old Colony,GATRA,1,0,
146,25,23,33920,33920,33920,Lakeville,23,33920,2502333920,Lakeville,23,65,33920,Lakeville,1,0,0,0,0,1,1,1,SRPEDD,SRPEDD,GATRA,1,0,
147,25,27,34165,34165,34165,Lancaster,27,34165,2502734165,Lancaster,27,115,34165,Lancaster,1,0,0,0,0,1,1,1,MRPC,Montachusett,MART,1,0,
148,25,3,34340,34340,34340,Lanesborough,3,34340,2500334340,Lanesborough,3,60,34340,Lanesborough,0,0,0,0,0,0,0,0,BCRPC,Berkshire,BRTA,0,0,
149,25,9,34550,34550,34550,Lawrence,9,34550,2500934550,Lawrence,9,65,34550,Lawrence,1,0,0,0,0,1,1,1,MVPC,Merrimack Valley,MVRTA,1,0,
150,25,3,34655,34655,34655,Lee,3,34655,2500334655,Lee,3,65,34655,Lee,0,0,0,0,0,0,0,0,BCRPC,Berkshire,BRTA,0,0,
151,25,27,34795,34795,34795,Leicester,27,34795,2502734795,Leicester,27,120,34795,Leicester,0,0,0,0,0,1,1,1,CMRPC,Central Mass.,WRTA,1,0,
152,25,3,34970,34970,34970,Lenox,3,34970,2500334970,Lenox,3,70,34970,Lenox,0,0,0,0,0,0,0,0,BCRPC,Berkshire,BRTA,0,0,
153,25,27,35075,35075,35075,Leominster,27,35075,2502735075,Leominster,27,125,35075,Leominster,0,0,0,0,0,1,1,1,MRPC,Montachusett,MART,1,0,
154,25,11,35180,35180,35180,Leverett,11,35180,2501135180,Leverett,11,65,35180,Leverett,0,0,0,0,0,0,0,0,FCPD,Franklin County,PVTA,0,0,
155,25,17,35215,35215,35215,Lexington,17,35215,2501735215,Lexington,17,115,35215,Lexington,1,0,1,1,1,0,1,1,MAPC,Boston,MBTA,1,1,
156,25,11,35285,35285,35285,Leyden,11,35285,2501135285,Leyden,11,70,35285,Leyden,0,0,0,0,0,0,0,0,FCPD,Franklin County,FRTA,0,0,
157,25,17,35425,35425,35425,Lincoln,17,35425,2501735425,Lincoln,17,120,35425,Lincoln,1,0,1,1,1,0,1,1,MAPC,Boston,MBTA,1,1,
158,25,17,35950,35950,35950,Littleton,17,35950,2501735950,Littleton,17,125,35950,Littleton,1,0,0,0,0,1,1,1,MAPC,Boston,MART,1,0,
159,25,13,36300,36300,36300,Longmeadow,13,36300,2501336300,Longmeadow,13,55,36300,Longmeadow,0,0,0,0,0,0,0,0,PVPC,Pioneer Valley,PVTA,0,0,
160,25,17,37000,37000,37000,Lowell,17,37000,2501737000,Lowell,17,130,37000,Lowell,1,0,0,0,0,1,1,1,NMCOG,Northern Middlesex,LRTA,1,0,
161,25,13,37175,37175,37175,Ludlow,13,37175,2501337175,Ludlow,13,60,37175,Ludlow,0,0,0,0,0,0,0,0,PVPC,Pioneer Valley,PVTA,0,0,
162,25,27,37420,37420,37420,Lunenburg,27,37420,2502737420,Lunenburg,27,130,37420,Lunenburg,0,0,0,0,0,1,1,1,MRPC,Montachusett,MART,1,0,
163,25,9,37490,37490,37490,Lynn,9,37490,2500937490,Lynn,9,70,37490,Lynn,1,0,1,1,1,0,1,1,MAPC,Boston,MBTA,1,1,
164,25,9,37560,37560,37560,Lynnfield,9,37560,2500937560,Lynnfield,9,75,37560,Lynnfield,1,0,1,1,1,0,1,1,MAPC,Boston,MBTA,1,1,
165,25,17,37875,37875,37875,Malden,17,37875,2501737875,Malden,17,135,37875,Malden,1,1,0,1,1,0,1,1,MAPC,Boston,MBTA,1,1,
166,25,9,37995,37995,37995,Manchester-by-the-Sea,9,37995,2500937995,Manchester-by-the-Sea,9,80,37945,Manchester,1,0,1,1,1,0,1,1,MAPC,Boston,MBTA,1,0,
167,25,5,38225,38225,38225,Mansfield,5,38225,2500538225,Mansfield,5,50,38225,Mansfield,1,0,0,0,0,1,1,1,SRPEDD,SRPEDD,GATRA,1,0,
168,25,9,38400,38400,38400,Marblehead,9,38400,2500938400,Marblehead,9,85,38400,Marblehead,1,0,1,1,1,0,1,1,MAPC,Boston,MBTA,1,1,
169,25,23,38540,38540,38540,Marion,23,38540,2502338540,Marion,23,70,38540,Marion,0,0,0,0,0,0,0,0,SRPEDD,SRPEDD,,0,0,
170,25,17,38715,38715,38715,Marlborough,17,38715,2501738715,Marlborough,17,140,38715,Marlborough,1,0,0,0,0,1,1,1,MAPC,Boston,MWRTA,1,0,
171,25,23,38855,38855,38855,Marshfield,23,38855,2502338855,Marshfield,23,75,38855,Marshfield,1,0,0,0,0,1,1,1,MAPC,Boston,GATRA,1,0,
172,25,1,39100,39100,39100,Mashpee,1,39100,2500139100,Mashpee,1,45,39100,Mashpee,0,0,0,0,0,0,0,0,CCC,Cape Cod,CCRTA,0,0,
173,25,23,39450,39450,39450,Mattapoisett,23,39450,2502339450,Mattapoisett,23,80,39450,Mattapoisett,0,0,0,0,0,0,0,0,SRPEDD,SRPEDD,SRTA,0,0,
174,25,17,39625,39625,39625,Maynard,17,39625,2501739625,Maynard,17,145,39625,Maynard,1,0,0,0,0,1,1,1,MAPC,Boston,LRTA,1,0,
175,25,21,39765,39765,39765,Medfield,21,39765,2502139765,Medfield,21,60,39765,Medfield,1,0,1,1,1,0,1,1,MAPC,Boston,MBTA,1,1,
176,25,17,39835,39835,39835,Medford,17,39835,2501739835,Medford,17,150,39835,Medford,1,1,0,1,1,0,1,1,MAPC,Boston,MBTA,1,1,
177,25,21,39975,39975,39975,Medway,21,39975,2502139975,Medway,21,65,39975,Medway,1,0,0,0,0,1,1,1,MAPC,Boston,GATRA,1,0,
178,25,17,40115,40115,40115,Melrose,17,40115,2501740115,Melrose,17,155,40115,Melrose,1,0,1,1,1,0,1,1,MAPC,Boston,MBTA,1,1,
179,25,27,40255,40255,40255,Mendon,27,40255,2502740255,Mendon,27,135,40255,Mendon,1,0,0,0,0,0,0,0,CMRPC,Central Mass.,,0,0,
180,25,9,40430,40430,40430,Merrimac,9,40430,2500940430,Merrimac,9,90,40430,Merrimac,1,0,0,0,0,1,1,1,MVPC,Merrimack Valley,MVRTA,1,0,
181,25,9,40710,40710,40710,Methuen,9,40710,2500940710,Methuen,9,95,40675,Methuen,1,0,0,0,0,1,1,1,MVPC,Merrimack Valley,MVRTA,1,0,
182,25,23,40850,40850,40850,Middleborough,23,40850,2502340850,Middleborough,23,85,40850,Middleborough,1,0,0,0,0,1,1,1,SRPEDD,SRPEDD,GATRA,1,0,
183,25,15,40990,40990,40990,Middlefield,15,40990,2501540990,Middlefield,15,55,40990,Middlefield,0,0,0,0,0,0,0,0,PVPC,Pioneer Valley,FRTA,0,0,
184,25,9,41095,41095,41095,Middleton,9,41095,2500941095,Middleton,9,100,41095,Middleton,1,0,1,1,1,0,1,1,MAPC,Boston,MBTA,1,1,
185,25,27,41165,41165,41165,Milford,27,41165,2502741165,Milford,27,140,41165,Milford,1,0,0,0,0,0,0,0,MAPC,Boston,,0,0,
186,25,27,41340,41340,41340,Millbury,27,41340,2502741340,Millbury,27,145,41340,Millbury,0,0,0,0,0,1,1,1,CMRPC,Central Mass.,WRTA,1,0,
187,25,21,41515,41515,41515,Millis,21,41515,2502141515,Millis,21,70,41515,Millis,1,0,0,0,0,1,1,1,MAPC,Boston,MBTA,1,0,
188,25,27,41585,41585,41585,Millville,27,41585,2502741585,Millville,27,150,41585,Millville,1,0,0,0,0,0,0,0,CMRPC,Central Mass.,,0,0,
189,25,21,41690,41690,41690,Milton,21,41690,2502141690,Milton,21,75,41690,Milton,1,0,1,1,1,0,1,1,MAPC,Boston,MBTA,1,1,
190,25,11,42040,42040,42040,Monroe,11,42040,2501142040,Monroe,11,75,42040,Monroe,0,0,0,0,0,0,0,0,FCPD,Franklin County,,0,0,
191,25,13,42145,42145,42145,Monson,13,42145,2501342145,Monson,13,65,42145,Monson,0,0,0,0,0,0,0,0,PVPC,Pioneer Valley,,0,0,
192,25,11,42285,42285,42285,Montague,11,42285,2501142285,Montague,11,80,42285,Montague,0,0,0,0,0,0,0,0,FCPD,Franklin County,FRTA,0,0,
193,25,3,42460,42460,42460,Monterey,3,42460,2500342460,Monterey,3,75,42460,Monterey,0,0,0,0,0,0,0,0,BCRPC,Berkshire,BRTA,0,0,
194,25,13,42530,42530,42530,Montgomery,13,42530,2501342530,Montgomery,13,70,42530,Montgomery,0,0,0,0,0,0,0,0,PVPC,Pioneer Valley,FRTA,0,0,
195,25,3,43300,43300,43300,Mount Washington,3,43300,2500343300,Mount Washington,3,80,43300,Mount Washington,0,0,0,0,0,0,0,0,BCRPC,Berkshire,BRTA,0,0,
196,25,9,43580,43580,43580,Nahant,9,43580,2500943580,Nahant,9,105,43580,Nahant,1,0,1,1,1,0,1,1,MAPC,Boston,MBTA,1,1,
197,25,19,43790,43790,43790,Nantucket,19,43790,2501943790,Nantucket,19,5,43790,Nantucket,0,0,0,0,0,0,0,0,NPEDC,Nantucket,NRTA,0,0,
198,25,17,43895,43895,43895,Natick,17,43895,2501743895,Natick,17,160,43895,Natick,1,0,1,0,1,0,1,1,MAPC,Boston,MWRTA,1,0,
199,25,21,44105,44105,44105,Needham,21,44105,2502144105,Needham,21,80,44105,Needham,1,0,1,1,1,0,1,1,MAPC,Boston,MBTA,1,1,
200,25,3,44385,44385,44385,New Ashford,3,44385,2500344385,New Ashford,3,85,44385,New Ashford,0,0,0,0,0,0,0,0,BCRPC,Berkshire,,0,0,
201,25,5,45000,45000,45000,New Bedford,5,45000,2500545000,New Bedford,5,55,45000,New Bedford,0,0,0,0,0,0,0,0,SRPEDD,SRPEDD,SRTA,0,0,
202,25,27,45105,45105,45105,New Braintree,27,45105,2502745105,New Braintree,27,155,45105,New Braintree,0,0,0,0,0,0,0,0,CMRPC,Central Mass.,WRTA,0,0,
203,25,3,45420,45420,45420,New Marlborough,3,45420,2500345420,New Marlborough,3,90,45420,New Marlborough,0,0,0,0,0,0,0,0,BCRPC,Berkshire,,0,0,
204,25,11,45490,45490,45490,New Salem,11,45490,2501145490,New Salem,11,85,45490,New Salem,0,0,0,0,0,0,0,0,FCPD,Franklin County,FRTA,0,0,
205,25,9,45175,45175,45175,Newbury,9,45175,2500945175,Newbury,9,110,45175,Newbury,1,0,0,0,0,1,1,1,MVPC,Merrimack Valley,MVRTA,1,0,
206,25,9,45245,45245,45245,Newburyport,9,45245,2500945245,Newburyport,9,115,45245,Newburyport,1,0,0,0,0,1,1,1,MVPC,Merrimack Valley,MVRTA,1,0,
207,25,17,45560,45560,45560,Newton,17,45560,2501745560,Newton,17,165,45560,Newton,1,1,0,1,1,0,1,1,MAPC,Boston,MBTA,1,1,
208,25,21,46050,46050,46050,Norfolk,21,46050,2502146050,Norfolk,21,85,46050,Norfolk,1,0,1,0,1,0,1,1,MAPC,Boston,GATRA,1,0,
209,25,3,46225,46225,46225,North Adams,3,46225,2500346225,North Adams,3,95,46225,North Adams,0,0,0,0,0,0,0,0,BCRPC,Berkshire,BRTA,0,0,
210,25,9,46365,46365,46365,North Andover,9,46365,2500946365,North Andover,9,120,46365,North Andover,1,0,0,0,0,1,1,1,MVPC,Merrimack Valley,MVRTA,1,0,
211,25,5,46575,46575,46598,North Attleborough,5,46575,2500546598,North Attleborough,5,60,46575,North Attleborough,1,0,0,0,0,1,1,1,SRPEDD,SRPEDD,GATRA,1,0,
212,25,27,47135,47135,47135,North Brookfield,27,47135,2502747135,North Brookfield,27,170,47135,North Brookfield,0,0,0,0,0,0,0,0,CMRPC,Central Mass.,WRTA,0,0,
213,25,17,48955,48955,48955,North Reading,17,48955,2501748955,North Reading,17,170,48955,North Reading,1,0,0,0,0,1,1,1,MAPC,Boston,MBTA,1,0,
214,25,15,46330,46330,46330,Northampton,15,46330,2501546330,Northampton,15,60,46330,Northampton,0,0,0,0,0,0,0,0,PVPC,Pioneer Valley,PVTA,0,0,
215,25,27,46820,46820,46820,Northborough,27,46820,2502746820,Northborough,27,160,46820,Northborough,1,0,0,0,0,1,1,1,CMRPC,Central Mass.,WRTA,1,0,
216,25,27,46925,46925,46925,Northbridge,27,46925,2502746925,Northbridge,27,165,46925,Northbridge,1,0,0,0,0,1,1,1,CMRPC,Central Mass.,MBTA,1,0,
217,25,11,47835,47835,47835,Northfield,11,47835,2501147835,Northfield,11,90,47835,Northfield,0,0,0,0,0,0,0,0,FCPD,Franklin County,FRTA,0,0,
218,25,5,49970,49970,49970,Norton,5,49970,2500549970,Norton,5,65,49970,Norton,1,0,0,0,0,1,1,1,SRPEDD,SRPEDD,GATRA,1,0,
219,25,23,50145,50145,50145,Norwell,23,50145,2502350145,Norwell,23,90,50145,Norwell,1,0,0,0,0,1,1,1,MAPC,Boston,MBTA,1,0,
220,25,21,50250,50250,50250,Norwood,21,50250,2502150250,Norwood,21,90,50250,Norwood,1,0,1,1,1,0,1,1,MAPC,Boston,MBTA,1,1,
221,25,7,50390,50390,50390,Oak Bluffs,7,50390,2500750390,Oak Bluffs,7,25,50390,Oak Bluffs,0,0,0,0,0,0,0,0,MVC,Martha's Vineyard,VTA,0,0,
222,25,27,50670,50670,50670,Oakham,27,50670,2502750670,Oakham,27,175,50670,Oakham,0,0,0,0,0,0,0,0,CMRPC,Central Mass.,WRTA,0,0,
223,25,11,51265,51265,51265,Orange,11,51265,2501151265,Orange,11,95,51265,Orange,0,0,0,0,0,0,0,0,FCPD,Franklin County,FRTA,0,0,
224,25,1,51440,51440,51440,Orleans,1,51440,2500151440,Orleans,1,50,51440,Orleans,0,0,0,0,0,0,0,0,CCC,Cape Cod,CCRTA,0,0,
225,25,3,51580,51580,51580,Otis,3,51580,2500351580,Otis,3,100,51580,Otis,0,0,0,0,0,0,0,0,BCRPC,Berkshire,BRTA,0,0,
226,25,27,51825,51825,51825,Oxford,27,51825,2502751825,Oxford,27,180,51825,Oxford,0,0,0,0,0,0,0,0,CMRPC,Central Mass.,WRTA,0,0,
227,25,13,52144,52144,52144,Palmer,13,52105,2501352144,Palmer,13,75,52105,Palmer,0,0,0,0,0,0,0,0,PVPC,Pioneer Valley,PVTA,0,0,
228,25,27,52420,52420,52420,Paxton,27,52420,2502752420,Paxton,27,185,52420,Paxton,0,0,0,0,0,1,1,1,CMRPC,Central Mass.,WRTA,1,0,
229,25,9,52490,52490,52490,Peabody,9,52490,2500952490,Peabody,9,125,52490,Peabody,1,0,1,1,1,0,1,1,MAPC,Boston,MBTA,1,1,
230,25,15,52560,52560,52560,Pelham,15,52560,2501552560,Pelham,15,65,52560,Pelham,0,0,0,0,0,0,0,0,PVPC,Pioneer Valley,PVTA,0,0,
231,25,23,52630,52630,52630,Pembroke,23,52630,2502352630,Pembroke,23,95,52630,Pembroke,1,0,0,0,0,1,1,1,MAPC/OCPC,Old Colony,GATRA,1,0,
232,25,17,52805,52805,52805,Pepperell,17,52805,2501752805,Pepperell,17,175,52805,Pepperell,1,0,0,0,0,0,0,0,NMCOG,Northern Middlesex,LRTA,0,0,
233,25,3,53050,53050,53050,Peru,3,53050,2500353050,Peru,3,105,53050,Peru,0,0,0,0,0,0,0,0,BCRPC,Berkshire,,0,0,
234,25,27,53120,53120,53120,Petersham,27,53120,2502753120,Petersham,27,190,53120,Petersham,0,0,0,0,0,0,0,0,MRPC,Montachusett,FRTA,0,0,
235,25,27,53225,53225,53225,Phillipston,27,53225,2502753225,Phillipston,27,195,53225,Phillipston,0,0,0,0,0,0,0,0,MRPC,Montachusett,FRTA,0,0,
236,25,3,53960,53960,53960,Pittsfield,3,53960,2500353960,Pittsfield,3,110,53960,Pittsfield,0,0,0,0,0,0,0,0,BCRPC,Berkshire,BRTA,0,0,
237,25,15,54030,54030,54030,Plainfield,15,54030,2501554030,Plainfield,15,70,54030,Plainfield,0,0,0,0,0,0,0,0,PVPC,Pioneer Valley,FRTA,0,0,
238,25,21,54100,54100,54100,Plainville,21,54100,2502154100,Plainville,21,95,54100,Plainville,1,0,0,0,0,0,0,0,SRPEDD,SRPEDD,GATRA,0,0,
239,25,23,54310,54310,54310,Plymouth,23,54310,2502354310,Plymouth,23,100,54310,Plymouth,1,0,0,0,0,1,1,1,OCPC,Old Colony,GATRA,1,0,
240,25,23,54415,54415,54415,Plympton,23,54415,2502354415,Plympton,23,105,54415,Plympton,1,0,0,0,0,1,1,1,OCPC,Old Colony,MBTA,1,0,
241,25,27,55395,55395,55395,Princeton,27,55395,2502755395,Princeton,27,200,55395,Princeton,0,0,0,0,0,1,1,1,CMRPC,Central Mass.,WRTA,1,0,
242,25,1,55500,55500,55500,Provincetown,1,55500,2500155500,Provincetown,1,55,55500,Provincetown,0,0,0,0,0,0,0,0,CCC,Cape Cod,CCRTA,0,0,
243,25,21,55745,55745,55745,Quincy,21,55745,2502155745,Quincy,21,100,55745,Quincy,1,0,1,1,1,0,1,1,MAPC,Boston,MBTA,1,1,
244,25,21,55955,55955,56000,Randolph,21,55955,2502156000,Randolph,21,105,55955,Randolph,1,0,1,1,1,0,1,1,MAPC,Boston,MBTA,1,1,
245,25,5,56060,56060,56060,Raynham,5,56060,2500556060,Raynham,5,70,56060,Raynham,1,0,0,0,0,1,1,1,SRPEDD,SRPEDD,GATRA,1,0,
246,25,17,56130,56130,56130,Reading,17,56130,2501756130,Reading,17,180,56130,Reading,1,0,1,1,1,0,1,1,MAPC,Boston,MBTA,1,1,
247,25,5,56375,56375,56375,Rehoboth,5,56375,2500556375,Rehoboth,5,75,56375,Rehoboth,0,0,0,0,0,1,1,1,SRPEDD,SRPEDD,GATRA,1,0,
248,25,25,56585,56585,56585,Revere,25,56585,2502556585,Revere,25,15,56585,Revere,1,1,0,1,1,0,1,1,MAPC,Boston,MBTA,1,1,
249,25,3,56795,56795,56795,Richmond,3,56795,2500356795,Richmond,3,115,56795,Richmond,0,0,0,0,0,0,0,0,BCRPC,Berkshire,BRTA,0,0,
250,25,23,57600,57600,57600,Rochester,23,57600,2502357600,Rochester,23,110,57600,Rochester,0,0,0,0,0,1,1,1,SRPEDD,SRPEDD,MBTA,1,0,
251,25,23,57775,57775,57775,Rockland,23,57775,2502357775,Rockland,23,115,57775,Rockland,1,0,0,0,0,1,1,1,MAPC,Boston,MBTA,1,0,
252,25,9,57880,57880,57880,Rockport,9,57880,2500957880,Rockport,9,130,57880,Rockport,1,0,0,0,0,1,1,1,MAPC,Boston,CATA,1,0,
253,25,11,58335,58335,58335,Rowe,11,58335,2501158335,Rowe,11,100,58335,Rowe,0,0,0,0,0,0,0,0,FCPD,Franklin County,FRTA,0,0,
254,25,9,58405,58405,58405,Rowley,9,58405,2500958405,Rowley,9,135,58405,Rowley,1,0,0,0,0,1,1,1,MVPC,Merrimack Valley,MVRTA,1,0,
255,25,27,58580,58580,58580,Royalston,27,58580,2502758580,Royalston,27,205,58580,Royalston,0,0,0,0,0,0,0,0,MRPC,Montachusett,MART,0,0,
256,25,13,58650,58650,58650,Russell,13,58650,2501358650,Russell,13,80,58650,Russell,0,0,0,0,0,0,0,0,PVPC,Pioneer Valley,FRTA,0,0,
257,25,27,58825,58825,58825,Rutland,27,58825,2502758825,Rutland,27,210,58825,Rutland,0,0,0,0,0,0,0,0,CMRPC,Central Mass.,WRTA,0,0,
258,25,9,59105,59105,59105,Salem,9,59105,2500959105,Salem,9,140,59105,Salem,1,0,1,1,1,0,1,1,MAPC,Boston,MBTA,1,1,
259,25,9,59245,59245,59245,Salisbury,9,59245,2500959245,Salisbury,9,145,59245,Salisbury,1,0,0,0,0,1,1,1,MVPC,Merrimack Valley,MVRTA,1,0,
260,25,3,59665,59665,59665,Sandisfield,3,59665,2500359665,Sandisfield,3,120,59665,Sandisfield,0,0,0,0,0,0,0,0,BCRPC,Berkshire,,0,0,
261,25,1,59735,59735,59735,Sandwich,1,59735,2500159735,Sandwich,1,60,59735,Sandwich,0,0,0,0,0,0,0,0,CCC,Cape Cod,CCRTA,0,0,
262,25,9,60015,60015,60015,Saugus,9,60015,2500960015,Saugus,9,150,60015,Saugus,1,0,1,1,1,0,1,1,MAPC,Boston,MBTA,1,1,
263,25,3,60225,60225,60225,Savoy,3,60225,2500360225,Savoy,3,125,60225,Savoy,0,0,0,0,0,0,0,0,BCRPC,Berkshire,,0,0,
264,25,23,60330,60330,60330,Scituate,23,60330,2502360330,Scituate,23,120,60330,Scituate,1,0,0,0,0,1,1,1,MAPC,Boston,MBTA,1,0,
265,25,5,60645,60645,60645,Seekonk,5,60645,2500560645,Seekonk,5,80,60645,Seekonk,0,0,0,0,0,1,1,1,SRPEDD,SRPEDD,GATRA,1,0,
266,25,21,60785,60785,60785,Sharon,21,60785,2502160785,Sharon,21,110,60785,Sharon,1,0,1,1,1,0,1,1,MAPC,Boston,MBTA,1,1,
267,25,3,61065,61065,61065,Sheffield,3,61065,2500361065,Sheffield,3,130,61065,Sheffield,0,0,0,0,0,0,0,0,BCRPC,Berkshire,BRTA,0,0,
268,25,11,61135,61135,61135,Shelburne,11,61135,2501161135,Shelburne,11,105,61135,Shelburne,0,0,0,0,0,0,0,0,FCPD,Franklin County,FRTA,0,0,
269,25,17,61380,61380,61380,Sherborn,17,61380,2501761380,Sherborn,17,185,61380,Sherborn,1,0,0,0,0,1,1,1,MAPC,Boston,MWRTA,1,0,
270,25,17,61590,61590,61590,Shirley,17,61590,2501761590,Shirley,17,190,61590,Shirley,1,0,0,0,0,1,1,1,MRPC,Montachusett,MART,1,0,
271,25,27,61800,61800,61800,Shrewsbury,27,61800,2502761800,Shrewsbury,27,215,61800,Shrewsbury,0,0,0,0,0,1,1,1,CMRPC,Central Mass.,WRTA,1,0,
272,25,11,61905,61905,61905,Shutesbury,11,61905,2501161905,Shutesbury,11,110,61905,Shutesbury,0,0,0,0,0,0,0,0,FCPD,Franklin County,FRTA,0,0,
273,25,5,62430,62430,62430,Somerset,5,62430,2500562430,Somerset,5,85,62430,Somerset,0,0,0,0,0,0,0,0,SRPEDD,SRPEDD,SRTA,0,0,
274,25,17,62535,62535,62535,Somerville,17,62535,2501762535,Somerville,17,195,62535,Somerville,1,1,0,1,1,0,1,1,MAPC,Boston,MBTA,1,1,
275,25,15,64145,64145,64145,South Hadley,15,64145,2501564145,South Hadley,15,80,64145,South Hadley,0,0,0,0,0,0,0,0,PVPC,Pioneer Valley,PVTA,0,0,
276,25,15,62745,62745,62745,Southampton,15,62745,2501562745,Southampton,15,75,62745,Southampton,0,0,0,0,0,0,0,0,PVPC,Pioneer Valley,FRTA,0,0,
277,25,27,63165,63165,63165,Southborough,27,63165,2502763165,Southborough,27,220,63165,Southborough,1,0,0,0,0,1,1,1,MAPC,Boston,MWRTA,1,0,
278,25,27,63345,63345,63345,Southbridge,27,63270,2502763345,Southbridge,27,225,63270,Southbridge,0,0,0,0,0,0,0,0,CMRPC,Central Mass.,WRTA,0,0,
279,25,13,65825,65825,65825,Southwick,13,65825,2501365825,Southwick,13,85,65825,Southwick,0,0,0,0,0,0,0,0,PVPC,Pioneer Valley,FRTA,0,0,
280,25,27,66105,66105,66105,Spencer,27,66105,2502766105,Spencer,27,230,66105,Spencer,0,0,0,0,0,0,0,0,CMRPC,Central Mass.,WRTA,0,0,
281,25,13,67000,67000,67000,Springfield,13,67000,2501367000,Springfield,13,90,67000,Springfield,0,0,0,0,0,0,0,0,PVPC,Pioneer Valley,PVTA,0,0,
282,25,27,67385,67385,67385,Sterling,27,67385,2502767385,Sterling,27,235,67385,Sterling,0,0,0,0,0,1,1,1,MRPC,Montachusett,MART,1,0,
283,25,3,67595,67595,67595,Stockbridge,3,67595,2500367595,Stockbridge,3,135,67595,Stockbridge,0,0,0,0,0,0,0,0,BCRPC,Berkshire,BRTA,0,0,
284,25,17,67665,67665,67665,Stoneham,17,67665,2501767665,Stoneham,17,200,67665,Stoneham,1,0,1,1,1,0,1,1,MAPC,Boston,MBTA,1,1,
285,25,21,67945,67945,67945,Stoughton,21,67945,2502167945,Stoughton,21,115,67945,Stoughton,1,0,0,0,0,1,1,1,MAPC/OCPC,Old Colony,BAT,1,0,
286,25,17,68050,68050,68050,Stow,17,68050,2501768050,Stow,17,205,68050,Stow,1,0,0,0,0,1,1,1,MAPC,Boston,MART,1,0,
287,25,27,68155,68155,68155,Sturbridge,27,68155,2502768155,Sturbridge,27,240,68155,Sturbridge,0,0,0,0,0,0,0,0,CMRPC,Central Mass.,WRTA,0,0,
288,25,17,68260,68260,68260,Sudbury,17,68260,2501768260,Sudbury,17,210,68260,Sudbury,1,0,0,0,0,1,1,1,MAPC,Boston,MWRTA,1,0,
289,25,11,68400,68400,68400,Sunderland,11,68400,2501168400,Sunderland,11,115,68400,Sunderland,0,0,0,0,0,0,0,0,FCPD,Franklin County,PVTA,0,0,
290,25,27,68610,68610,68610,Sutton,27,68610,2502768610,Sutton,27,245,68610,Sutton,0,0,0,0,0,1,1,1,CMRPC,Central Mass.,WRTA,1,0,
291,25,9,68645,68645,68645,Swampscott,9,68645,2500968645,Swampscott,9,155,68645,Swampscott,1,0,1,1,1,0,1,1,MAPC,Boston,MBTA,1,1,
292,25,5,68750,68750,68750,Swansea,5,68750,2500568750,Swansea,5,90,68750,Swansea,0,0,0,0,0,0,0,0,SRPEDD,SRPEDD,SRTA,0,0,
293,25,5,69170,69170,69170,Taunton,5,69170,2500569170,Taunton,5,95,69170,Taunton,1,0,0,0,0,1,1,1,SRPEDD,SRPEDD,GATRA,1,0,
294,25,27,69275,69275,69275,Templeton,27,69275,2502769275,Templeton,27,250,69275,Templeton,0,0,0,0,0,0,0,0,MRPC,Montachusett,MART,0,0,
295,25,17,69415,69415,69415,Tewksbury,17,69415,2501769415,Tewksbury,17,215,69415,Tewksbury,1,0,0,0,0,1,1,1,NMCOG,Northern Middlesex,LRTA,1,0,
296,25,7,69940,69940,69940,Tisbury,7,69940,2500769940,Tisbury,7,30,69940,Tisbury,0,0,0,0,0,0,0,0,MVC,Martha's Vineyard,VTA,0,0,
297,25,13,70045,70045,70045,Tolland,13,70045,2501370045,Tolland,13,95,70045,Tolland,0,0,0,0,0,0,0,0,PVPC,Pioneer Valley,,0,0,
298,25,9,70150,70150,70150,Topsfield,9,70150,2500970150,Topsfield,9,160,70150,Topsfield,1,0,1,1,1,0,1,1,MAPC,Boston,MBTA,1,1,
299,25,17,70360,70360,70360,Townsend,17,70360,2501770360,Townsend,17,220,70360,Townsend,0,0,0,0,0,1,1,1,MRPC,Montachusett,LRTA,1,0,
300,25,1,70605,70605,70605,Truro,1,70605,2500170605,Truro,1,65,70605,Truro,0,0,0,0,0,0,0,0,CCC,Cape Cod,CCRTA,0,0,
301,25,17,71025,71025,71025,Tyngsborough,17,71025,2501771025,Tyngsborough,17,225,71025,Tyngsborough,1,0,0,0,0,1,1,1,NMCOG,Northern Middlesex,LRTA,1,0,
302,25,3,71095,71095,71095,Tyringham,3,71095,2500371095,Tyringham,3,140,71095,Tyringham,0,0,0,0,0,0,0,0,BCRPC,Berkshire,,0,0,
303,25,27,71480,71480,71480,Upton,27,71480,2502771480,Upton,27,255,71480,Upton,1,0,0,0,0,1,1,1,CMRPC,Central Mass.,MBTA,1,0,
304,25,27,71620,71620,71620,Uxbridge,27,71620,2502771620,Uxbridge,27,260,71620,Uxbridge,1,0,0,0,0,0,0,0,CMRPC,Central Mass.,,0,0,
305,25,17,72215,72215,72215,Wakefield,17,72215,2501772215,Wakefield,17,230,72215,Wakefield,1,0,1,1,1,0,1,1,MAPC,Boston,MBTA,1,1,
306,25,13,72390,72390,72390,Wales,13,72390,2501372390,Wales,13,100,72390,Wales,0,0,0,0,0,0,0,0,PVPC,Pioneer Valley,WRTA,0,0,
307,25,21,72495,72495,72495,Walpole,21,72495,2502172495,Walpole,21,120,72495,Walpole,1,0,1,1,1,0,1,1,MAPC,Boston,MBTA,1,1,
308,25,17,72600,72600,72600,Waltham,17,72600,2501772600,Waltham,17,235,72600,Waltham,1,0,1,1,1,0,1,1,MAPC,Boston,MBTA,1,1,
309,25,15,72880,72880,72880,Ware,15,72880,2501572880,Ware,15,85,72880,Ware,0,0,0,0,0,0,0,0,PVPC,Pioneer Valley,PVTA,0,0,
310,25,23,72985,72985,72985,Wareham,23,72985,2502372985,Wareham,23,125,72985,Wareham,0,0,0,0,0,1,1,1,SRPEDD,SRPEDD,GATRA,1,0,
311,25,27,73090,73090,73090,Warren,27,73090,2502773090,Warren,27,265,73090,Warren,0,0,0,0,0,0,0,0,CMRPC,Central Mass.,WRTA,0,0,note:
312,25,11,73265,73265,73265,Warwick,11,73265,2501173265,Warwick,11,120,73265,Warwick,0,0,0,0,0,0,0,0,FCPD,Franklin County,FRTA,0,0,
313,25,3,73335,73335,73335,Washington,3,73335,2500373335,Washington,3,145,73335,Washington,0,0,0,0,0,0,0,0,BCRPC,Berkshire,BRTA,0,0,
314,25,17,73440,73440,73440,Watertown,17,73440,2501773440,Watertown,17,240,73405,Watertown,1,1,0,1,1,0,1,1,MAPC,Boston,MBTA,1,1,
315,25,17,73790,73790,73790,Wayland,17,73790,2501773790,Wayland,17,245,73790,Wayland,1,0,0,0,0,1,1,1,MAPC,Boston,MWRTA,1,0,
316,25,27,73895,73895,73895,Webster,27,73895,2502773895,Webster,27,270,73895,Webster,0,0,0,0,0,0,0,0,CMRPC,Central Mass.,WRTA,0,0,Duxbury now shared
317,25,21,74175,74175,74175,Wellesley,21,74175,2502174175,Wellesley,21,125,74175,Wellesley,1,0,1,0,1,0,1,1,MAPC,Boston,MBTA,1,1,
318,25,1,74385,74385,74385,Wellfleet,1,74385,2500174385,Wellfleet,1,70,74385,Wellfleet,0,0,0,0,0,0,0,0,CCC,Cape Cod,CCRTA,0,0,
319,25,11,74525,74525,74525,Wendell,11,74525,2501174525,Wendell,11,125,74525,Wendell,0,0,0,0,0,0,0,0,FCPD,Franklin County,FRTA,0,0,
320,25,9,74595,74595,74595,Wenham,9,74595,2500974595,Wenham,9,165,74595,Wenham,1,0,1,1,1,0,1,1,MAPC,Boston,MBTA,1,1,
321,25,27,75155,75155,75155,West Boylston,27,75155,2502775155,West Boylston,27,280,75155,West Boylston,0,0,0,0,0,1,1,1,CMRPC,Central Mass.,WRTA,1,0,by MAPC and OCPC
322,25,23,75260,75260,75260,West Bridgewater,23,75260,2502375260,West Bridgewater,23,130,75260,West Bridgewater,1,0,0,0,0,1,1,1,OCPC,Old Colony,BAT,1,0,
323,25,27,75400,75400,75400,West Brookfield,27,75400,2502775400,West Brookfield,27,285,75400,West Brookfield,0,0,0,0,0,0,0,0,CMRPC,Central Mass.,WRTA,0,0,
324,25,9,77150,77150,77150,West Newbury,9,77150,2500977150,West Newbury,9,170,77150,West Newbury,1,0,0,0,0,1,1,1,MVPC,Merrimack Valley,MVRTA,1,0,
325,25,13,77890,77890,77890,West Springfield,13,77850,2501377890,West Springfield,13,110,77850,West Springfield,0,0,0,0,0,0,0,0,PVPC,Pioneer Valley,PVTA,0,0,
326,25,3,77990,77990,77990,West Stockbridge,3,77990,2500377990,West Stockbridge,3,150,77990,West Stockbridge,0,0,0,0,0,0,0,0,BCRPC,Berkshire,,0,0,
327,25,7,78235,78235,78235,West Tisbury,7,78235,2500778235,West Tisbury,7,35,78235,West Tisbury,0,0,0,0,0,0,0,0,MVC,Martha's Vineyard,VTA,0,0,
328,25,27,75015,75015,75015,Westborough,27,75015,2502775015,Westborough,27,275,75015,Westborough,1,0,0,0,0,1,1,1,CMRPC,Central Mass.,WRTA,1,0,
329,25,13,76030,76030,76030,Westfield,13,76030,2501376030,Westfield,13,105,76030,Westfield,0,0,0,0,0,0,0,0,PVPC,Pioneer Valley,PVTA,0,0,
330,25,17,76135,76135,76135,Westford,17,76135,2501776135,Westford,17,250,76135,Westford,1,0,0,0,0,1,1,1,NMCOG,Northern Middlesex,LRTA,1,0,
331,25,15,76380,76380,76380,Westhampton,15,76380,2501576380,Westhampton,15,90,76380,Westhampton,0,0,0,0,0,0,0,0,PVPC,Pioneer Valley,FRTA,0,0,
332,25,27,77010,77010,77010,Westminster,27,77010,2502777010,Westminster,27,290,77010,Westminster,0,0,0,0,0,1,1,1,MRPC,Montachusett,MART,1,0,
333,25,17,77255,77255,77255,Weston,17,77255,2501777255,Weston,17,255,77255,Weston,1,0,1,0,1,0,1,1,MAPC,Boston,MWRTA,1,1,
334,25,5,77570,77570,77570,Westport,5,77570,2500577570,Westport,5,100,77570,Westport,0,0,0,0,0,0,0,0,SRPEDD,SRPEDD,SRTA,0,0,
335,25,21,78690,78690,78690,Westwood,21,78690,2502178690,Westwood,21,130,78690,Westwood,1,0,1,1,1,0,1,1,MAPC,Boston,MBTA,1,1,
336,25,21,78972,78972,78972,Weymouth,21,78865,2502178972,Weymouth,21,135,78865,Weymouth,1,0,1,1,1,0,1,1,MAPC,Boston,MBTA,1,1,
337,25,11,79110,79110,79110,Whately,11,79110,2501179110,Whately,11,130,79110,Whately,0,0,0,0,0,0,0,0,FCPD,Franklin County,FRTA,0,0,
338,25,23,79530,79530,79530,Whitman,23,79530,2502379530,Whitman,23,135,79530,Whitman,1,0,0,0,0,1,1,1,OCPC,Old Colony,BAT,1,0,
339,25,13,79740,79740,79740,Wilbraham,13,79740,2501379740,Wilbraham,13,115,79740,Wilbraham,0,0,0,0,0,0,0,0,PVPC,Pioneer Valley,PVTA,0,0,
340,25,15,79915,79915,79915,Williamsburg,15,79915,2501579915,Williamsburg,15,95,79915,Williamsburg,0,0,0,0,0,0,0,0,PVPC,Pioneer Valley,PVTA,0,0,
341,25,3,79985,79985,79985,Williamstown,3,79985,2500379985,Williamstown,3,155,79985,Williamstown,0,0,0,0,0,0,0,0,BCRPC,Berkshire,BRTA,0,0,
342,25,17,80230,80230,80230,Wilmington,17,80230,2501780230,Wilmington,17,260,80230,Wilmington,1,0,1,1,1,0,1,1,MAPC,Boston,MBTA,1,1,
343,25,27,80405,80405,80405,Winchendon,27,80405,2502780405,Winchendon,27,295,80405,Winchendon,0,0,0,0,0,0,0,0,MRPC,Montachusett,MART,0,0,
344,25,17,80510,80510,80510,Winchester,17,80510,2501780510,Winchester,17,265,80510,Winchester,1,0,1,1,1,0,1,1,MAPC,Boston,MBTA,1,1,
345,25,3,80685,80685,80685,Windsor,3,80685,2500380685,Windsor,3,160,80685,Windsor,0,0,0,0,0,0,0,0,BCRPC,Berkshire,,0,0,
346,25,25,81005,81005,81005,Winthrop,25,80930,2502581005,Winthrop,25,20,80930,Winthrop,1,0,1,1,1,0,1,1,MAPC,Boston,MBTA,1,1,
347,25,17,81035,81035,81035,Woburn,17,81035,2501781035,Woburn,17,270,81035,Woburn,1,0,1,1,1,0,1,1,MAPC,Boston,MBTA,1,1,
348,25,27,82000,82000,82000,Worcester,27,82000,2502782000,Worcester,27,300,82000,Worcester,0,0,0,0,0,1,1,1,CMRPC,Central Mass.,WRTA,1,0,
349,25,15,82175,82175,82175,Worthington,15,82175,2501582175,Worthington,15,100,82175,Worthington,0,0,0,0,0,0,0,0,PVPC,Pioneer Valley,FRTA,0,0,
350,25,21,82315,82315,82315,Wrentham,21,82315,2502182315,Wrentham,21,140,82315,Wrentham,1,0,0,0,0,1,1,1,MAPC,Boston,GATRA,1,0,
351,25,1,82525,82525,82525,Yarmouth,1,82525,2500182525,Yarmouth,1,75,82525,Yarmouth,0,0,0,0,0,0,0,0,CCC,Cape Cod,CCRTA,0,0,